researcher_id,researcher_name,paper_id,Bing Liu,http://arxiv.org/abs/2012.12104v1
Yu Tang,Yu Tang,http://arxiv.org/abs/2012.12104v1
Yuxiong Ji,Yuxiong Ji,http://arxiv.org/abs/2012.12104v1
Yu Shen,Yu Shen,http://arxiv.org/abs/2012.12104v1
Yuchuan Du,Yuchuan Du,http://arxiv.org/abs/2012.12104v1
Xiren Zhou,Xiren Zhou,http://arxiv.org/abs/2012.13026v1
Siqi Wang,Siqi Wang,http://arxiv.org/abs/2012.13026v1
Ruisheng Diao,Ruisheng Diao,http://arxiv.org/abs/2012.13026v1
Desong Bian,Desong Bian,http://arxiv.org/abs/2012.13026v1
Jiahui Duan,Jiahui Duan,http://arxiv.org/abs/2012.13026v1
Di Shi,Di Shi,http://arxiv.org/abs/2012.13026v1
Danny Keller,Danny Keller,http://arxiv.org/abs/2012.13293v1
Margarita Osadchy,Margarita Osadchy,http://arxiv.org/abs/2012.13293v1
Orr Dunkelman,Orr Dunkelman,http://arxiv.org/abs/2012.13293v1
Maria-Florina Balcan,Maria-Florina Balcan,http://arxiv.org/abs/2012.13315v1
Tuomas Sandholm,Tuomas Sandholm,http://arxiv.org/abs/2012.13315v1
Ellen Vitercik,Ellen Vitercik,http://arxiv.org/abs/2012.13315v1
Yixin Nie,Yixin Nie,http://arxiv.org/abs/2012.13391v2
Mary Williamson,Mary Williamson,http://arxiv.org/abs/2012.13391v2
Mohit Bansal,Mohit Bansal,http://arxiv.org/abs/2012.13391v2
Douwe Kiela,Douwe Kiela,http://arxiv.org/abs/2012.13391v2
Jason Weston,Jason Weston,http://arxiv.org/abs/2012.13391v2
Jie Li,Jie Li,http://arxiv.org/abs/2012.12447v1
Binglin Li,Binglin Li,http://arxiv.org/abs/2012.12447v1
Min Gao,Min Gao,http://arxiv.org/abs/2012.12447v1
Simin Liu,Simin Liu,http://arxiv.org/abs/2012.12634v1
Rijk Mercuur,Rijk Mercuur,http://arxiv.org/abs/2012.11903v1
Virginia Dignum,Virginia Dignum,http://arxiv.org/abs/2012.11903v1
Catholijn M. Jonker,Catholijn M. Jonker,http://arxiv.org/abs/2012.11903v1
Yan Gao,Yan Gao,http://arxiv.org/abs/2012.13569v1
Jiafeng Guo,Jiafeng Guo,http://arxiv.org/abs/2012.13569v1
Yanyan Lan,Yanyan Lan,http://arxiv.org/abs/2012.13569v1
Huaming Liao,Huaming Liao,http://arxiv.org/abs/2012.13569v1
David Restrepo Amariles,David Restrepo Amariles,http://arxiv.org/abs/2012.12718v1
Aurore Clément Troussel,Aurore Clément Troussel,http://arxiv.org/abs/2012.12718v1
Rajaa El Hamdani,Rajaa El Hamdani,http://arxiv.org/abs/2012.12718v1
Arman Haghanifar,Arman Haghanifar,http://arxiv.org/abs/2012.13666v1
Mahdiyar Molahasani Majdabadi,Mahdiyar Molahasani Majdabadi,http://arxiv.org/abs/2012.13666v1
Seok-Bum Ko,Seok-Bum Ko,http://arxiv.org/abs/2012.13666v1
 Song-Kyoo, Song-Kyoo,http://arxiv.org/abs/2012.13677v1
 Kim, Kim,http://arxiv.org/abs/2012.13677v1
Ismael T. Freire,Ismael T. Freire,http://arxiv.org/abs/2012.13779v1
Adrián F. Amil,Adrián F. Amil,http://arxiv.org/abs/2012.13779v1
Vasiliki Vouloutsi,Vasiliki Vouloutsi,http://arxiv.org/abs/2012.13779v1
Paul F. M. J. Verschure,Paul F. M. J. Verschure,http://arxiv.org/abs/2012.13779v1
Cheng Tang,Cheng Tang,http://arxiv.org/abs/2012.14005v1
Andrew Arnold,Andrew Arnold,http://arxiv.org/abs/2012.14005v1
David Acuna,David Acuna,http://arxiv.org/abs/1904.07934v2
Amlan Kar,Amlan Kar,http://arxiv.org/abs/1904.07934v2
Sanja Fidler,Sanja Fidler,http://arxiv.org/abs/1904.07934v2
Mathieu Roche,Mathieu Roche,http://arxiv.org/abs/1904.08010v1
Kai Feng,Kai Feng,http://arxiv.org/abs/1905.02810v1
Han Hong,Han Hong,http://arxiv.org/abs/1905.02810v1
Ke Tang,Ke Tang,http://arxiv.org/abs/1905.02810v1
Jingyuan Wang,Jingyuan Wang,http://arxiv.org/abs/1905.02810v1
Benyamin Ghojogh,Benyamin Ghojogh,http://arxiv.org/abs/1905.02845v1
Maria N. Samad,Maria N. Samad,http://arxiv.org/abs/1905.02845v1
Sayema Asif Mashhadi,Sayema Asif Mashhadi,http://arxiv.org/abs/1905.02845v1
Tania Kapoor,Tania Kapoor,http://arxiv.org/abs/1905.02845v1
Wahab Ali,Wahab Ali,http://arxiv.org/abs/1905.02845v1
Fakhri Karray,Fakhri Karray,http://arxiv.org/abs/1905.02845v1
Mark Crowley,Mark Crowley,http://arxiv.org/abs/1905.02845v1
Qiuyun Zhang,Qiuyun Zhang,http://arxiv.org/abs/1905.01984v1
Bin Guo,Bin Guo,http://arxiv.org/abs/1905.01984v1
Hao Wang,Hao Wang,http://arxiv.org/abs/1905.01984v1
Yunji Liang,Yunji Liang,http://arxiv.org/abs/1905.01984v1
Shaoyang Hao,Shaoyang Hao,http://arxiv.org/abs/1905.01984v1
Zhiwen Yu,Zhiwen Yu,http://arxiv.org/abs/1905.01984v1
Heguang Liu,Heguang Liu,http://arxiv.org/abs/1905.02019v1
Bin Yang,Bin Yang,http://arxiv.org/abs/1905.03362v1
Lin Yang,Lin Yang,http://arxiv.org/abs/1905.03362v1
Xiaochun Li,Xiaochun Li,http://arxiv.org/abs/1905.03362v1
Wenhan Zhang,Wenhan Zhang,http://arxiv.org/abs/1905.03362v1
Hua Zhou,Hua Zhou,http://arxiv.org/abs/1905.03362v1
Yequn Zhang,Yequn Zhang,http://arxiv.org/abs/1905.03362v1
Yongxiong Ren,Yongxiong Ren,http://arxiv.org/abs/1905.03362v1
Yinbo Shi,Yinbo Shi,http://arxiv.org/abs/1905.03362v1
Luiz F. O. Moura Santos,Luiz F. O. Moura Santos,http://arxiv.org/abs/1905.03427v1
Hugo T. Y. Yoshizaki,Hugo T. Y. Yoshizaki,http://arxiv.org/abs/1905.03427v1
Claudio B. Cunha,Claudio B. Cunha,http://arxiv.org/abs/1905.03427v1
Yufei Han,Yufei Han,http://arxiv.org/abs/1905.02941v1
Xiangliang Zhang,Xiangliang Zhang,http://arxiv.org/abs/1905.02941v1
Shreyansh Gandhi,Shreyansh Gandhi,http://arxiv.org/abs/1905.02234v2
Samrat Kokkula,Samrat Kokkula,http://arxiv.org/abs/1905.02234v2
Abon Chaudhuri,Abon Chaudhuri,http://arxiv.org/abs/1905.02234v2
Alessandro Magnani,Alessandro Magnani,http://arxiv.org/abs/1905.02234v2
Theban Stanley,Theban Stanley,http://arxiv.org/abs/1905.02234v2
Behzad Ahmadi,Behzad Ahmadi,http://arxiv.org/abs/1905.02234v2
Venkatesh Kandaswamy,Venkatesh Kandaswamy,http://arxiv.org/abs/1905.02234v2
Omer Ovenc,Omer Ovenc,http://arxiv.org/abs/1905.02234v2
Shie Mannor,Shie Mannor,http://arxiv.org/abs/1905.02234v2
Tu Bui,Tu Bui,http://arxiv.org/abs/1904.12059v1
Daniel Cooper,Daniel Cooper,http://arxiv.org/abs/1904.12059v1
John Collomosse,John Collomosse,http://arxiv.org/abs/1904.12059v1
Mark Bell,Mark Bell,http://arxiv.org/abs/1904.12059v1
Alex Green,Alex Green,http://arxiv.org/abs/1904.12059v1
John Sheridan,John Sheridan,http://arxiv.org/abs/1904.12059v1
Jez Higgins,Jez Higgins,http://arxiv.org/abs/1904.12059v1
Arindra Das,Arindra Das,http://arxiv.org/abs/1904.12059v1
Jared Keller,Jared Keller,http://arxiv.org/abs/1904.12059v1
Olivier Thereaux,Olivier Thereaux,http://arxiv.org/abs/1904.12059v1
Alan Brown,Alan Brown,http://arxiv.org/abs/1904.12059v1
Marjan Alirezaie,Marjan Alirezaie,http://arxiv.org/abs/1904.13196v1
Martin Längkvist,Martin Längkvist,http://arxiv.org/abs/1904.13196v1
Michael Sioutis,Michael Sioutis,http://arxiv.org/abs/1904.13196v1
Amy Loutfi,Amy Loutfi,http://arxiv.org/abs/1904.13196v1
Yongcheng Liu,Yongcheng Liu,http://arxiv.org/abs/1904.07601v3
Bin Fan,Bin Fan,http://arxiv.org/abs/1904.07601v3
Shiming Xiang,Shiming Xiang,http://arxiv.org/abs/1904.07601v3
Chunhong Pan,Chunhong Pan,http://arxiv.org/abs/1904.07601v3
Liu Yang,Liu Yang,http://arxiv.org/abs/1904.08109v1
Lijing Song,Lijing Song,http://arxiv.org/abs/1904.08109v1
Ozan Çatal,Ozan Çatal,http://arxiv.org/abs/1904.08149v2
Johannes Nauta,Johannes Nauta,http://arxiv.org/abs/1904.08149v2
Tim Verbelen,Tim Verbelen,http://arxiv.org/abs/1904.08149v2
Pieter Simoens,Pieter Simoens,http://arxiv.org/abs/1904.08149v2
Bart Dhoedt,Bart Dhoedt,http://arxiv.org/abs/1904.08149v2
Jia Li,Jia Li,http://arxiv.org/abs/1904.08177v1
Xing Wei,Xing Wei,http://arxiv.org/abs/1904.08177v1
Guoqiang Yang,Guoqiang Yang,http://arxiv.org/abs/1904.08177v1
Xiao Sun,Xiao Sun,http://arxiv.org/abs/1904.08177v1
Changliang Li,Changliang Li,http://arxiv.org/abs/1904.08177v1
Jonathan Grizou,Jonathan Grizou,http://arxiv.org/abs/1904.12635v1
Laurie J. Points,Laurie J. Points,http://arxiv.org/abs/1904.12635v1
Abhishek Sharma,Abhishek Sharma,http://arxiv.org/abs/1904.12635v1
Leroy Cronin,Leroy Cronin,http://arxiv.org/abs/1904.12635v1
Qizhe Xie,Qizhe Xie,http://arxiv.org/abs/1904.12848v6
Zihang Dai,Zihang Dai,http://arxiv.org/abs/1904.12848v6
Eduard Hovy,Eduard Hovy,http://arxiv.org/abs/1904.12848v6
Minh-Thang Luong,Minh-Thang Luong,http://arxiv.org/abs/1904.12848v6
Quoc V. Le,Quoc V. Le,http://arxiv.org/abs/1904.12848v6
Gabriel Dulac-Arnold,Gabriel Dulac-Arnold,http://arxiv.org/abs/1904.12901v1
Daniel Mankowitz,Daniel Mankowitz,http://arxiv.org/abs/1904.12901v1
Todd Hester,Todd Hester,http://arxiv.org/abs/1904.12901v1
Gerard Serra,Gerard Serra,http://arxiv.org/abs/1904.13333v1
David Miralles,David Miralles,http://arxiv.org/abs/1904.13333v1
Jichao Zhang,Jichao Zhang,http://arxiv.org/abs/1906.00805v1
Meng Sun,Meng Sun,http://arxiv.org/abs/1906.00805v1
Jingjing Chen,Jingjing Chen,http://arxiv.org/abs/1906.00805v1
Hao Tang,Hao Tang,http://arxiv.org/abs/1906.00805v1
Yan Yan,Yan Yan,http://arxiv.org/abs/1906.00805v1
Xueying Qin,Xueying Qin,http://arxiv.org/abs/1906.00805v1
Nicu Sebe,Nicu Sebe,http://arxiv.org/abs/1906.00805v1
Shizhe Chen,Shizhe Chen,http://arxiv.org/abs/1906.00872v1
Qin Jin,Qin Jin,http://arxiv.org/abs/1906.00872v1
Jianlong Fu,Jianlong Fu,http://arxiv.org/abs/1906.00872v1
Guruprasad Raghavan,Guruprasad Raghavan,http://arxiv.org/abs/1906.01039v1
Matt Thomson,Matt Thomson,http://arxiv.org/abs/1906.01039v1
Vahid Behzadan,Vahid Behzadan,http://arxiv.org/abs/1906.01119v1
William Hsu,William Hsu,http://arxiv.org/abs/1906.01119v1
Vahid Behzadan,Vahid Behzadan,http://arxiv.org/abs/1906.01121v1
William Hsu,William Hsu,http://arxiv.org/abs/1906.01121v1
Vahid Behzadan,Vahid Behzadan,http://arxiv.org/abs/1906.01126v1
William Hsu,William Hsu,http://arxiv.org/abs/1906.01126v1
Andreas Orthey,Andreas Orthey,http://arxiv.org/abs/1906.01350v2
Marc Toussaint,Marc Toussaint,http://arxiv.org/abs/1906.01350v2
Vieri Giuliano Santucci,Vieri Giuliano Santucci,http://arxiv.org/abs/1906.01374v1
Gianluca Baldassarre,Gianluca Baldassarre,http://arxiv.org/abs/1906.01374v1
Emilio Cartoni,Emilio Cartoni,http://arxiv.org/abs/1906.01374v1
Hengyuan Hu,Hengyuan Hu,http://arxiv.org/abs/1906.00744v5
Denis Yarats,Denis Yarats,http://arxiv.org/abs/1906.00744v5
Qucheng Gong,Qucheng Gong,http://arxiv.org/abs/1906.00744v5
Yuandong Tian,Yuandong Tian,http://arxiv.org/abs/1906.00744v5
Mike Lewis,Mike Lewis,http://arxiv.org/abs/1906.00744v5
Hao Lu,Hao Lu,http://arxiv.org/abs/1906.01407v1
Mengdi Wang,Mengdi Wang,http://arxiv.org/abs/1906.01407v1
Mayukh Das,Mayukh Das,http://arxiv.org/abs/1906.01432v1
Devendra Singh Dhami,Devendra Singh Dhami,http://arxiv.org/abs/1906.01432v1
Yang Yu,Yang Yu,http://arxiv.org/abs/1906.01432v1
Gautam Kunapuli,Gautam Kunapuli,http://arxiv.org/abs/1906.01432v1
Sriraam Natarajan,Sriraam Natarajan,http://arxiv.org/abs/1906.01432v1
Alexander Sasha Vezhnevets,Alexander Sasha Vezhnevets,http://arxiv.org/abs/1906.01470v3
Yuhuai Wu,Yuhuai Wu,http://arxiv.org/abs/1906.01470v3
Remi Leblond,Remi Leblond,http://arxiv.org/abs/1906.01470v3
Joel Z. Leibo,Joel Z. Leibo,http://arxiv.org/abs/1906.01470v3
Matteo Fischetti,Matteo Fischetti,http://arxiv.org/abs/1906.01504v1
Matteo Stringher,Matteo Stringher,http://arxiv.org/abs/1906.01504v1
Teng Wang,Teng Wang,http://arxiv.org/abs/1906.01562v2
Jun Zhao,Jun Zhao,http://arxiv.org/abs/1906.01562v2
Han Yu,Han Yu,http://arxiv.org/abs/1906.01562v2
Jinyan Liu,Jinyan Liu,http://arxiv.org/abs/1906.01562v2
Xinyu Yang,Xinyu Yang,http://arxiv.org/abs/1906.01562v2
Xuebin Ren,Xuebin Ren,http://arxiv.org/abs/1906.01562v2
Shuyu Shi,Shuyu Shi,http://arxiv.org/abs/1906.01562v2
Ibrahim Alabdulmohsin,Ibrahim Alabdulmohsin,http://arxiv.org/abs/2005.14621v1
Mohammad Sina Kiarostami,Mohammad Sina Kiarostami,http://arxiv.org/abs/2005.14156v1
Saleh Khalaj Monfared,Saleh Khalaj Monfared,http://arxiv.org/abs/2005.14156v1
Mohammadreza Daneshvaramoli,Mohammadreza Daneshvaramoli,http://arxiv.org/abs/2005.14156v1
Ali Oliayi,Ali Oliayi,http://arxiv.org/abs/2005.14156v1
Negar Yousefian,Negar Yousefian,http://arxiv.org/abs/2005.14156v1
Dara Rahmati,Dara Rahmati,http://arxiv.org/abs/2005.14156v1
Saeid Gorgin,Saeid Gorgin,http://arxiv.org/abs/2005.14156v1
Marc Chalé,Marc Chalé,http://arxiv.org/abs/2005.14230v1
Nathaniel D. Bastian,Nathaniel D. Bastian,http://arxiv.org/abs/2005.14230v1
Jeffery Weir,Jeffery Weir,http://arxiv.org/abs/2005.14230v1
Chengrun Yang,Chengrun Yang,http://arxiv.org/abs/2006.04216v1
Jicong Fan,Jicong Fan,http://arxiv.org/abs/2006.04216v1
Ziyang Wu,Ziyang Wu,http://arxiv.org/abs/2006.04216v1
Madeleine Udell,Madeleine Udell,http://arxiv.org/abs/2006.04216v1
Hiteshi Sharma,Hiteshi Sharma,http://arxiv.org/abs/2006.04331v2
Rahul Jain,Rahul Jain,http://arxiv.org/abs/2006.04331v2
Laura Giordano,Laura Giordano,http://arxiv.org/abs/2006.04387v2
Daniele Theseider Dupré,Daniele Theseider Dupré,http://arxiv.org/abs/2006.04387v2
Xiang Li,Xiang Li,http://arxiv.org/abs/2006.04435v1
Ben Kao,Ben Kao,http://arxiv.org/abs/2006.04435v1
Caihua Shan,Caihua Shan,http://arxiv.org/abs/2006.04435v1
Dawei Yin,Dawei Yin,http://arxiv.org/abs/2006.04435v1
Martin Ester,Martin Ester,http://arxiv.org/abs/2006.04435v1
Gal Bahar,Gal Bahar,http://arxiv.org/abs/2006.04497v1
Omer Ben-Porat,Omer Ben-Porat,http://arxiv.org/abs/2006.04497v1
Kevin Leyton-Brown,Kevin Leyton-Brown,http://arxiv.org/abs/2006.04497v1
Moshe Tennenholtz,Moshe Tennenholtz,http://arxiv.org/abs/2006.04497v1
Osonde A. Osoba,Osonde A. Osoba,http://arxiv.org/abs/2006.05048v3
Raffaele Vardavas,Raffaele Vardavas,http://arxiv.org/abs/2006.05048v3
Justin Grana,Justin Grana,http://arxiv.org/abs/2006.05048v3
Rushil Zutshi,Rushil Zutshi,http://arxiv.org/abs/2006.05048v3
Amber Jaycocks,Amber Jaycocks,http://arxiv.org/abs/2006.05048v3
Hebi Li,Hebi Li,http://arxiv.org/abs/2006.04697v1
Qi Xiao,Qi Xiao,http://arxiv.org/abs/2006.04697v1
Jin Tian,Jin Tian,http://arxiv.org/abs/2006.04697v1
Qipeng Guo,Qipeng Guo,http://arxiv.org/abs/2006.04702v3
Zhijing Jin,Zhijing Jin,http://arxiv.org/abs/2006.04702v3
Xipeng Qiu,Xipeng Qiu,http://arxiv.org/abs/2006.04702v3
Weinan Zhang,Weinan Zhang,http://arxiv.org/abs/2006.04702v3
David Wipf,David Wipf,http://arxiv.org/abs/2006.04702v3
Zheng Zhang,Zheng Zhang,http://arxiv.org/abs/2006.04702v3
Daniel Schiff,Daniel Schiff,http://arxiv.org/abs/2006.04707v1
Bogdana Rakova,Bogdana Rakova,http://arxiv.org/abs/2006.04707v1
Aladdin Ayesh,Aladdin Ayesh,http://arxiv.org/abs/2006.04707v1
Anat Fanti,Anat Fanti,http://arxiv.org/abs/2006.04707v1
Michael Lennon,Michael Lennon,http://arxiv.org/abs/2006.04707v1
Markus N. Rabe,Markus N. Rabe,http://arxiv.org/abs/2006.04757v3
Dennis Lee,Dennis Lee,http://arxiv.org/abs/2006.04757v3
Kshitij Bansal,Kshitij Bansal,http://arxiv.org/abs/2006.04757v3
Christian Szegedy,Christian Szegedy,http://arxiv.org/abs/2006.04757v3
Nazneen N Sultana,Nazneen N Sultana,http://arxiv.org/abs/2006.04037v1
Hardik Meisheri,Hardik Meisheri,http://arxiv.org/abs/2006.04037v1
Vinita Baniwal,Vinita Baniwal,http://arxiv.org/abs/2006.04037v1
Somjit Nath,Somjit Nath,http://arxiv.org/abs/2006.04037v1
Balaraman Ravindran,Balaraman Ravindran,http://arxiv.org/abs/2006.04037v1
Harshad Khadilkar,Harshad Khadilkar,http://arxiv.org/abs/2006.04037v1
Maulik R. Kamdar,Maulik R. Kamdar,http://arxiv.org/abs/2006.04161v1
Mark A. Musen,Mark A. Musen,http://arxiv.org/abs/2006.04161v1
Jesús Bobadilla,Jesús Bobadilla,http://arxiv.org/abs/2006.05255v1
Raúl Lara-Cabrera,Raúl Lara-Cabrera,http://arxiv.org/abs/2006.05255v1
Ángel González-Prieto,Ángel González-Prieto,http://arxiv.org/abs/2006.05255v1
Fernando Ortega,Fernando Ortega,http://arxiv.org/abs/2006.05255v1
Yutaka Nagashima,Yutaka Nagashima,http://arxiv.org/abs/2005.12737v1
Tao Liu,Tao Liu,http://arxiv.org/abs/2005.12826v2
Antonio Prestes García,Antonio Prestes García,http://arxiv.org/abs/2005.12841v1
Alfonso Rodríguez-Patón,Alfonso Rodríguez-Patón,http://arxiv.org/abs/2005.12841v1
Jianfeng Liu,Jianfeng Liu,http://arxiv.org/abs/2005.11729v2
Feiyang Pan,Feiyang Pan,http://arxiv.org/abs/2005.11729v2
Ling Luo,Ling Luo,http://arxiv.org/abs/2005.11729v2
 Subhadeep, Subhadeep,http://arxiv.org/abs/2005.13596v1
 Mukhopadhyay, Mukhopadhyay,http://arxiv.org/abs/2005.13596v1
Kaijun Wang,Kaijun Wang,http://arxiv.org/abs/2005.13596v1
Nasim Sonboli,Nasim Sonboli,http://arxiv.org/abs/2005.12974v1
Farzad Eskandanian,Farzad Eskandanian,http://arxiv.org/abs/2005.12974v1
Robin Burke,Robin Burke,http://arxiv.org/abs/2005.12974v1
Weiwen Liu,Weiwen Liu,http://arxiv.org/abs/2005.12974v1
Bamshad Mobasher,Bamshad Mobasher,http://arxiv.org/abs/2005.12974v1
Mohammad Ali Javidian,Mohammad Ali Javidian,http://arxiv.org/abs/2005.14037v1
Marco Valtorta,Marco Valtorta,http://arxiv.org/abs/2005.14037v1
Pooyan Jamshidi,Pooyan Jamshidi,http://arxiv.org/abs/2005.14037v1
Haochen Liu,Haochen Liu,http://arxiv.org/abs/2005.13170v1
Zhiwei Wang,Zhiwei Wang,http://arxiv.org/abs/2005.13170v1
Tyler Derr,Tyler Derr,http://arxiv.org/abs/2005.13170v1
Jiliang Tang,Jiliang Tang,http://arxiv.org/abs/2005.13170v1
Alex Cummaudo,Alex Cummaudo,http://arxiv.org/abs/2005.13186v1
Scott Barnett,Scott Barnett,http://arxiv.org/abs/2005.13186v1
Rajesh Vasa,Rajesh Vasa,http://arxiv.org/abs/2005.13186v1
John Grundy,John Grundy,http://arxiv.org/abs/2005.13186v1
Mohamed Abdelrazek,Mohamed Abdelrazek,http://arxiv.org/abs/2005.13186v1
Zachary Wojtowicz,Zachary Wojtowicz,http://arxiv.org/abs/2006.02359v1
Simon DeDeo,Simon DeDeo,http://arxiv.org/abs/2006.02359v1
Zuohui Fu,Zuohui Fu,http://arxiv.org/abs/2006.02046v2
Yikun Xian,Yikun Xian,http://arxiv.org/abs/2006.02046v2
Ruoyuan Gao,Ruoyuan Gao,http://arxiv.org/abs/2006.02046v2
Jieyu Zhao,Jieyu Zhao,http://arxiv.org/abs/2006.02046v2
Qiaoying Huang,Qiaoying Huang,http://arxiv.org/abs/2006.02046v2
Yingqiang Ge,Yingqiang Ge,http://arxiv.org/abs/2006.02046v2
Shuyuan Xu,Shuyuan Xu,http://arxiv.org/abs/2006.02046v2
Shijie Geng,Shijie Geng,http://arxiv.org/abs/2006.02046v2
Chirag Shah,Chirag Shah,http://arxiv.org/abs/2006.02046v2
Yongfeng Zhang,Yongfeng Zhang,http://arxiv.org/abs/2006.02046v2
Gerard de Melo,Gerard de Melo,http://arxiv.org/abs/2006.02046v2
Nadia Labai,Nadia Labai,http://arxiv.org/abs/2006.02078v1
Magdalena Ortiz,Magdalena Ortiz,http://arxiv.org/abs/2006.02078v1
Mantas Šimkus,Mantas Šimkus,http://arxiv.org/abs/2006.02078v1
Jinghai Rao,Jinghai Rao,http://arxiv.org/abs/2006.02168v1
Dimitar Dimitrov,Dimitar Dimitrov,http://arxiv.org/abs/2006.02168v1
Paul Hofmann,Paul Hofmann,http://arxiv.org/abs/2006.02168v1
Norman Sadeh,Norman Sadeh,http://arxiv.org/abs/2006.02168v1
Muhammad Zuhair Qadir,Muhammad Zuhair Qadir,http://arxiv.org/abs/2006.01022v2
Songhao Piao,Songhao Piao,http://arxiv.org/abs/2006.01022v2
Haiyang Jiang,Haiyang Jiang,http://arxiv.org/abs/2006.01022v2
Mohammed El Habib Souidi,Mohammed El Habib Souidi,http://arxiv.org/abs/2006.01022v2
Anoopkumar Sonar,Anoopkumar Sonar,http://arxiv.org/abs/2006.01096v3
Vincent Pacelli,Vincent Pacelli,http://arxiv.org/abs/2006.01096v3
Anirudha Majumdar,Anirudha Majumdar,http://arxiv.org/abs/2006.01096v3
Konstantin Yakovlev,Konstantin Yakovlev,http://arxiv.org/abs/2006.01195v1
Anton Andreychuk,Anton Andreychuk,http://arxiv.org/abs/2006.01195v1
Roni Stern,Roni Stern,http://arxiv.org/abs/2006.01195v1
Vahid Yazdanpanah,Vahid Yazdanpanah,http://arxiv.org/abs/2006.01784v1
Devrim Murat Yazan,Devrim Murat Yazan,http://arxiv.org/abs/2006.01784v1
W. Henk M. Zijm,W. Henk M. Zijm,http://arxiv.org/abs/2006.01784v1
Kenneth Skiba,Kenneth Skiba,http://arxiv.org/abs/2008.02735v1
Matthias Thimm,Matthias Thimm,http://arxiv.org/abs/2008.02735v1
Neil Hulbert,Neil Hulbert,http://arxiv.org/abs/2008.01700v2
Sam Spillers,Sam Spillers,http://arxiv.org/abs/2008.01700v2
Brandon Francis,Brandon Francis,http://arxiv.org/abs/2008.01700v2
James Haines-Temons,James Haines-Temons,http://arxiv.org/abs/2008.01700v2
Ken Gil Romero,Ken Gil Romero,http://arxiv.org/abs/2008.01700v2
Benjamin De Jager,Benjamin De Jager,http://arxiv.org/abs/2008.01700v2
Sam Wong,Sam Wong,http://arxiv.org/abs/2008.01700v2
Kevin Flora,Kevin Flora,http://arxiv.org/abs/2008.01700v2
Bowei Huang,Bowei Huang,http://arxiv.org/abs/2008.01700v2
Athirai A. Irissappane,Athirai A. Irissappane,http://arxiv.org/abs/2008.01700v2
Jan Blumenkamp,Jan Blumenkamp,http://arxiv.org/abs/2008.02616v2
Amanda Prorok,Amanda Prorok,http://arxiv.org/abs/2008.02616v2
Alex Church,Alex Church,http://arxiv.org/abs/2008.02646v1
John Lloyd,John Lloyd,http://arxiv.org/abs/2008.02646v1
Raia Hadsell,Raia Hadsell,http://arxiv.org/abs/2008.02646v1
Nathan F. Lepora,Nathan F. Lepora,http://arxiv.org/abs/2008.02646v1
Pedro Cabalar,Pedro Cabalar,http://arxiv.org/abs/2008.02018v1
Jorge Fandinno,Jorge Fandinno,http://arxiv.org/abs/2008.02018v1
Javier Garea,Javier Garea,http://arxiv.org/abs/2008.02018v1
Javier Romero,Javier Romero,http://arxiv.org/abs/2008.02018v1
Torsten Schaub,Torsten Schaub,http://arxiv.org/abs/2008.02018v1
Ruigang Fu,Ruigang Fu,http://arxiv.org/abs/2008.02312v4
Qingyong Hu,Qingyong Hu,http://arxiv.org/abs/2008.02312v4
Xiaohu Dong,Xiaohu Dong,http://arxiv.org/abs/2008.02312v4
Yulan Guo,Yulan Guo,http://arxiv.org/abs/2008.02312v4
Yinghui Gao,Yinghui Gao,http://arxiv.org/abs/2008.02312v4
Biao Li,Biao Li,http://arxiv.org/abs/2008.02312v4
Anitha Kannan,Anitha Kannan,http://arxiv.org/abs/2008.03323v3
Richard Chen,Richard Chen,http://arxiv.org/abs/2008.03323v3
Vignesh Venkataraman,Vignesh Venkataraman,http://arxiv.org/abs/2008.03323v3
Geoffrey J. Tso,Geoffrey J. Tso,http://arxiv.org/abs/2008.03323v3
Xavier Amatriain,Xavier Amatriain,http://arxiv.org/abs/2008.03323v3
David L. Martin,David L. Martin,http://arxiv.org/abs/2008.03900v2
Peter F. Patel-Schneider,Peter F. Patel-Schneider,http://arxiv.org/abs/2008.03900v2
Lê Nguyên Hoang,Lê Nguyên Hoang,http://arxiv.org/abs/2008.04256v1
Ibrahim Ahmed,Ibrahim Ahmed,http://arxiv.org/abs/2008.04407v1
Marcos Quiñones-Grueiro,Marcos Quiñones-Grueiro,http://arxiv.org/abs/2008.04407v1
Gautam Biswas,Gautam Biswas,http://arxiv.org/abs/2008.04407v1
Paolo Felli,Paolo Felli,http://arxiv.org/abs/2008.04774v2
Alessandro Gianola,Alessandro Gianola,http://arxiv.org/abs/2008.04774v2
Marco Montali,Marco Montali,http://arxiv.org/abs/2008.04774v2
Lucas Y. Tian,Lucas Y. Tian,http://arxiv.org/abs/2008.03519v1
Kevin Ellis,Kevin Ellis,http://arxiv.org/abs/2008.03519v1
Marta Kryven,Marta Kryven,http://arxiv.org/abs/2008.03519v1
Joshua B. Tenenbaum,Joshua B. Tenenbaum,http://arxiv.org/abs/2008.03519v1
Dagnachew Azene Temesgene,Dagnachew Azene Temesgene,http://arxiv.org/abs/2008.04105v1
Marco Miozzo,Marco Miozzo,http://arxiv.org/abs/2008.04105v1
Deniz Gündüz,Deniz Gündüz,http://arxiv.org/abs/2008.04105v1
Paolo Dini,Paolo Dini,http://arxiv.org/abs/2008.04105v1
Alasdair Hill,Alasdair Hill,http://arxiv.org/abs/2008.04165v2
Ekaterina Komendantskaya,Ekaterina Komendantskaya,http://arxiv.org/abs/2008.04165v2
Ronald P. A. Petrick,Ronald P. A. Petrick,http://arxiv.org/abs/2008.04165v2
Li Xia,Li Xia,http://arxiv.org/abs/2008.03707v1
Ahmed H. Qureshi,Ahmed H. Qureshi,http://arxiv.org/abs/2008.03787v1
Jiangeng Dong,Jiangeng Dong,http://arxiv.org/abs/2008.03787v1
Austin Choe,Austin Choe,http://arxiv.org/abs/2008.03787v1
Michael C. Yip,Michael C. Yip,http://arxiv.org/abs/2008.03787v1
Amirhossein Moosavi,Amirhossein Moosavi,http://arxiv.org/abs/2008.04970v1
Onur Ozturk,Onur Ozturk,http://arxiv.org/abs/2008.04970v1
Ing. Yosvany Medina Carbó,Ing. Yosvany Medina Carbó,http://arxiv.org/abs/2007.11038v1
MSc. Iracely Milagros Santana Ges,MSc. Iracely Milagros Santana Ges,http://arxiv.org/abs/2007.11038v1
Lic. Saily Leo González,Lic. Saily Leo González,http://arxiv.org/abs/2007.11038v1
Xiaowei Guo,Xiaowei Guo,http://arxiv.org/abs/2007.08690v1
Teng Liu,Teng Liu,http://arxiv.org/abs/2007.08690v1
Bangbei Tang,Bangbei Tang,http://arxiv.org/abs/2007.08690v1
Xiaolin Tang,Xiaolin Tang,http://arxiv.org/abs/2007.08690v1
Jinwei Zhang,Jinwei Zhang,http://arxiv.org/abs/2007.08690v1
Wenhao Tan,Wenhao Tan,http://arxiv.org/abs/2007.08690v1
Shufeng Jin,Shufeng Jin,http://arxiv.org/abs/2007.08690v1
